jigsaw_id,title,slug,description,content
1,模拟面试助手,simulated-interview-assistant,用扣子空间开发一个简易的面试模拟助手,扣子空间开发了一个简易的面试模拟助手
2,产品需求文档,product-requirements-document,关于AI对话辅助目录插件,"产品需求文档 (PRD): 即刻导航 (Act-Nav)

?文档版本: 1.0
?发布日期: 2025年8月4日
?负责人: 艾柯代

1. 产品愿景与概述 (Product Vision & Overview)
1.1 产品愿景
成为AI重度用户不可或缺的对话导航工具，将线性的AI对话流转化为结构化的知识索引，最大化人机协作效率。
1.2 产品概述
“即刻导航 (Act-Nav)”是一款浏览器插件，旨在解决用户与AI（如ChatGPT, Claude等）进行长对话时，难以回溯和定位历史信息的核心痛点。它通过在页面内自动生成一个可交互的“对话目录”，让用户可以一键跳转到任意历史提问点，从而节省时间、保护心流，并高效沉淀对话中产生的知识。
2. 目标用户与痛点 (Target User & Pain Points)
2.1 用户画像 (User Persona)
?姓名： 李欣 (Li Xin)
?职业： 28岁的市场研究分析师，就职于快节奏的科技咨询公司。
?工作日常： 每日高强度使用AI进行深度“对话式研究”，对话轮次常超过100轮，内容复杂，关联性强。
2.2 核心痛点 (Pains)
1.记忆断层与思路中断： 无法快速回忆起对话早期的关键信息，查找过程会打断分析思路。
2.低效的“滚动考古”： 浪费大量时间进行机械的、毫无技术含量的滚动和扫视，挫败感强。
3.上下文关联困难： 无法方便地对比、引用在时间线上相距甚远但逻辑上紧密相关的两段对话。
4.引用障碍： 在撰写报告时，难以从庞杂的对话历史中找到特定的引用内容。
3. 用户场景与体验旅程 (User Scenario & Experience Journey)
3.1 典型场景
场景名称： 替代蛋白市场分析报告的冲刺
故事： 分析师李欣在撰写一份紧急报告时，与AI进行了长达百轮的对话。当她需要将对话后期的“消费者接受度”与对话前期的“技术专利壁垒”关联时，她没有通过费力滚动，而是直接通过“即刻导航”的目录，点击了前期问题，瞬间跳转到目标位置，无缝地将两个信息点结合，得出了更深刻的洞察。
3.2 用户体验旅程
阶段 (Stage) 用户行为 (User Action) 用户思想 (User Thought) 情感曲线 (Emotion)
发现与安装 因滚动查找而沮丧，搜索并发现“即刻导航”，点击安装。 “又来了，找个东西这么麻烦！这个插件看起来就是我想要的。” ?? -> ??
首次使用 刷新ChatGPT，看到自动出现的目录，尝试点击，成功跳转。 “哇，无缝集成，看起来很舒服。真的能用，太棒了！” ?? -> ??
场景触发 在长对话中，需要回溯查找旧信息。 “对话好长，有点晕了。直接看右边的目录就行。” ??
任务执行 在目录中定位问题并点击，窗口瞬间平滑滚动到位。 “就是这个！太快了，简直是即时传送。思路接上了。” ??
价值感知 几秒内完成信息关联，心流未中断，写出高质量分析。 “这插件太值了！为我节省了大量时间和精力，效率倍增。” ??
习惯养成 在所有长对话中都下意识依赖“即刻导航”，并向同事推荐。 “没有这个目录，我都不知道该怎么跟AI聊超过20轮了。” ??
4. 产品定位与价值主张 (Positioning & Value Proposition)
4.1 核心定位
做“手术刀”，不做“瑞士军刀”。我们是市面上最轻量、最优雅、最专注的AI长对话导航器。
4.2 价值主张
?时间的绝对节省： 从“费力滚动几分钟”到“点击一下，瞬间定位”。
?心流的无缝保持： 在上下文间自由跳转，不中断创造性思路。
?知识的结构化管理： 将杂乱对话流自动转化为清晰的知识大纲。
5. MVP 核心功能规格 (MVP Core Feature Specifications)
# 功能名称 详细规格
1 自动注入与激活 在 chat.openai.com 等目标域名加载时，自动注入侧边栏UI。
2 实时目录生成 监听用户输入框的提交事件，获取问题文本，并将其添加为目录中的新条目。
3 锚点定位与平滑跳转 点击目录条目，页面平滑滚动至对应问答在主窗口的位置。
4 界面可收缩 提供一个开关按钮，用于展开/收起侧边栏。插件会记住用户的偏好状态。
5 深浅模式自适应 自动检测宿主页面的颜色模式，并应用匹配的配色方案。
6. 界面设计与交互规范 (UI/UX Design & Interaction Specs)
?设计调性： 原生 (Native), 无形 (Invisible), 高效 (Efficient)。
?整体风格： 极简主义，UI元素与宿主网站（如ChatGPT）的设计语言保持高度一致。
?布局位置： 固定于浏览器窗口右侧，宽度固定（约240px），不干扰主要内容区。
?配色方案： 以中性灰为主，自动适配深浅模式。交互点缀色采用柔和、不刺眼的蓝色。
?字体排版： 完全继承宿主网站的字体、字号和行间距。
?交互方式： 响应迅速，反馈清晰（如悬浮效果），动画平滑不突兀。
7. 关键页面设计分析 (Key Page/View Design Analysis)
7.1 页面一：对话目录侧边栏 (In-Page Sidebar)
?主要功能： 实时展示对话目录、点击导航、收起与展开。
?前端组件分解：
 <SidebarContainer>
  <SidebarHeader>
    <Title text=""对话目录"" />
    <CollapseButton />
  </SidebarHeader>
  <DirectoryList>
    {questions.map(q => <DirectoryItem question={q} />)}
  </DirectoryList>
</SidebarContainer>
?Tailwind CSS 初步应用:
 <a href=""#anchor-id"" class=""block p-2.5 text-sm text-gray-700 dark:text-gray-300 truncate cursor-pointer hover:bg-gray-100 dark:hover:bg-gray-700 rounded-md"">
  一个被截断的超长问题...
</a>
7.2 页面二：浏览器工具栏弹出窗口 (Browser Toolbar Popup)
?主要功能： 显示插件激活状态、版本信息、提供反馈渠道。
?前端组件分解：
 <PopupContainer>
  <PopupHeader />
  <StatusIndicator isActive={true} />
  <ActionLink text=""报告问题"" />
</PopupContainer>
?Tailwind CSS 初步应用:
 <div class=""p-2 my-3 text-center text-sm font-medium text-green-800 bg-green-100 dark:text-green-100 dark:bg-green-900 rounded-lg"">
  已在当前页面激活
</div>
8. 产品主页设计 (Product Homepage Design)
产品主页（Landing Page）是用户下载安装插件的入口，设计应具备说服力、简洁且聚焦。
8.1 页面目标
?清晰传达产品的核心价值。
?展示产品的核心功能与优雅设计。
?引导用户一键完成安装。
8.2 页面结构与内容
1.导航栏 (Navigation Bar)
o内容： Logo, 产品名“即刻导航”，“添加到 Chrome” (主要CTA)。
o设计： 简洁，固定在顶部。
2.英雄区 (Hero Section)
o主标题 (H1): 告别无限滚动，掌控你的AI长对话。
o副标题: “即刻导航”为ChatGPT/Claude生成实时对话目录，让你瞬间定位任何历史信息，心流不再中断。
o视觉元素: 一个GIF动画，循环播放：一个混乱的长对话 -> 鼠标移到右侧 -> “即刻导航”侧边栏滑出 -> 点击一个早期问题 -> 页面平滑滚动到位。
oCTA: “立即免费安装” 按钮。
3.痛点区 (Pain Point Section)
o标题: 你是否也曾这样浪费时间？
o内容： 左侧是一张长截图，模拟用户费力向上滚动的场景，配上一些内心独白气泡，如“我记得问过这个……”“天呐，怎么还没找到？”。
4.解决方案 (Solution Section)
o标题: “即刻导航”如何让效率倍增
o内容： 并排展示三个核心价值点，每个都配一个小图标。
?① 秒级定位： 点击目录，瞬间回溯。
?② 思路连贯： 无需分心寻找，专注思考。
?③ 结构清晰： 对话脉络，一目了然。
5.社交证明 (Social Proof)
o标题: 听听效率专家怎么说
o内容： 引用一两条虚拟的用户评价。
 “这绝对是AI重度使用者的必备神器！每周为我节省了至少一个小时的‘考古’时间。”
 ― 李欣, 市场研究分析师
6.最终行动号召 (Final CTA)
o标题: 准备好迎接更高效的AI体验了吗？
oCTA: “免费添加到 Chrome，即刻提升效率” 按钮。
7.页脚 (Footer)
o内容: ? 2025 Act-Nav, 隐私政策, 联系我们 (GitHub/Twitter链接)。
9. 技术栈建议 (Suggested Tech Stack)
?核心逻辑: TypeScript
?前端框架: React 或 Svelte (以轻量著称)
?CSS方案: Tailwind CSS
?构建工具: Vite
10. 未来迭代方向 (Future Roadmap)
?V1.1:
o在目录侧边栏中增加关键词搜索功能。
o支持更多AI平台，如 Claude, Gemini, Perplexity。
?V1.2:
o增加导出功能（将目录导出为Markdown大纲）。
o允许用户重命名目录中的问题条目。
?V2.0:
o探索跨设备的云同步功能。
o增加对话节点折叠/展开功能，形成思维导图模式。"
3,产品体验报告,product-experience-report,分析秘塔“今天学点啥”,"AI产品体验报告
秘塔-”今天学点啥“：一个很好使的AI学习搭子
江湖上流传着一个传说，每当期末周来临，教室里就会形成两个流派：一个是啃书帮，最擅长通读课本捋出重点，在考场上战绩不凡；另一个是刷课会，二倍速是独门绝技，最终也能获得不错的成绩。对于做选择的人来说，两个流派没有孰好孰坏之说，只有适不适合之分。只是并非所有知识都有相关课程带领学习，这一直是刷课会的痛处。对此，秘塔科技的”今天学点啥“给出了一个解决方案――让AI讲课带你学。
本文将从6个维度拆解这款AI产品：
【1】”今天学点啥“是谁？
【2】它如何把文字变成定制课？
【3】我的试用报告
【4】让用户沉迷学习的交互设计
【5】AI教育工具如何找到PMF？
【6】知识面前，人人平等
【1】“今天学点啥”是谁？
这款AI产品主要是专注于一个核心场景：把任何文本内容（文档、网页、论文）转化为可交互的个性化课程，甚至能给你讲课、答疑、出考题。如果用一句话描述它，它就是一个给你讲课还陪你讨论的AI学习搭子。
它的核心逻辑很简单：用户上传任何文本（PDF、Word、网页链接都行），AI会自动拆解内容结构，生成带语音讲解的课程，还能实时回答关于内容的问题，最后还可以用测试题检验学习效果。
和传统在线教育平台不同，它不生产固定课程，而是把用户自己的素材变成课程。比如你拖进一份《AI2.0时代的产品经理》PPT，几分钟后就能得到一套带语音讲解、重点标注、互动问答的定制课。
【2】它如何把文字变成定制课？
在多次试用后，发现核心可以总结为三个点：
【1】理解材料
上传文档后，AI会先做两件事：用NLP技术拆解逻辑结构（比如论文的研究背景-方法-结论），同时标记重点（专业术语、数据、观点），甚至把原理转化为口语化解释――在抑制PAPR的同时要保证信号质量，听起来像在玩平衡游戏。
【2】生成讲解课程
这时最关键的一步，AI不会简单朗读文字，而是像老师备课一样重新组织语言，如同一个真人一样慢慢道来，此外还有以下特点：
・ 遇到复杂概念，自动插入类比
・ 发现前后关联内容，主动提示之前的相关案例
・ 甚至会根据内容难度调整语气（讲基础概念时更耐心，讲结论时更果断）
・ 会模仿现实中老师讲课的语言习惯（“来，做个热身运动，做几道题”）
・ 对于文字较少的图片，在对内容进行理解后会进行适当扩展，并以相对通俗的方式去解释。
【3】回答问题与查漏补缺
在讲解同时也可以在下方搜索框进行提问，它可以定位到原文出处并分析，，加深对知识的理解。课程结束后，它不会撒手不管而是生成测试题（单选、简答、案例分析），错题会关联回原文讲解
【3】我的试用报告
为了测试它的真实效果，我选择了三类典型素材进行体验：
测试1：学术论文《最优限幅滤波算法及神经网络实现》
上传后30秒，AI生成了一套课程。语音讲解我选用了对话风格，两个人用对话方式进行讲解，人物设定是跟论文相关领域的专家，遇到公式时，会进行通俗的解释：“传统滤波器就是个简单的门卫,只允许带内频率通过把带外的全拦在外面,公式七就是这个意思。”它不会咬住术语不放，也不会在复杂的推导里兜圈子，而是先带你抓住核心思路，把论文的结构、重点、基本概念讲明白。在我听懂大致内容的同时，也慢慢能看清这块知识地图的轮廓。这种讲重点、不堆砌的风格，对非专业学习者也会很友好。
塔子老师总能精准抓住论文中最适合视觉呈现的部分，并以简洁美观的方式制成课件，让原本晦涩难懂的古生物学知识变得清晰有序、条理分明。对于DNN建构模型，他给出的基本概念清晰明了，此外还制作了一个构建流程动画帮助理解。

?测试2：课件《AI2.0时代的产品经理》
这份PPT有大量图表，AI处理的相当不错。比如对于下面这张图想表达的意思，它理解的相当到位，它是这样解释的：“从过去用户在不同App间切换,到现在通过一个集成应用完成多项服务,未来将走向与系统Al Agent交互,由Agent主动调用各种元服务来完成任务。这种转变是从被动到主动、从聚合到解耦、从人调用到AI调用、从一端到多端的深刻变革”。对于课件内容，它既有自己的理解，也有对原文的阐述，帮助用户深入浅出地理解概念。

测试3：小说《西线无战事》片段（非学术素材）
意外发现它对文学内容也有处理能力。选用小说讲解，对于书中的一些小场景它还插入了一小段动画来描述。在人名较多的时候会把每个人在做的事和名字对应写出来，很适合阅读外语小说记不住名字的人（当年读《百年孤独》有这么个搭子也不至于那么痛苦）。他还会在讲述的每一小段加上小标题，遇到有对比意味的内容，它还会特地放一起一起进行对比。
不过这种小说模式有个缺点，会提前将该部分的结局剧透出来，如果文字内容随着叙述先后显示的话相信效果会更好一点。

试用小结：
我感觉最好的是，整个学习过程中你随时都可以提问。不需要鼓起勇气举手，也不会打断任何人，只要在课程下方打字提问，它就会在侧栏里迅速回复，补充讲解内容。学习不再是静静接受的一条路，相比于师生关系，这更像是朋友间一场可以随时插话和追问的交流，这种有来有回的节奏，让人真正有听懂了的踏实感，因此叫它”AI搭子“再好不过了。
【4】让用户沉迷学习的交互设计
不同于传统AI产品的功能堆叠，秘塔用减法设计让学习变得上瘾。
1）一键开始学习
学习从来不是一件轻松的事，我们常常在学习中被各种琐碎的操作打断，比如资料格式转换、内容查找等，而秘塔很好地消除了这些学习中让人烦躁的坎。比如，当我想让秘塔基于一篇文章生成课程时，不需要费力去转换格式，只需上传网页链接就能直接生成讲解内容。而且在使用秘塔搜索找到想看的文章后，可以一键收藏入知识库，之后就能直接提问，无需额外下载或转换PDF，这一点比很多传统AI工具方便太多。
而且听课过程中也不需要切屏回看文献，课程内部直接可以选择分屏模式，左边课件，右边文献，系统还会在文献里自动标注当下讲解的片段，避免学习者在知识里头晕眼花。
2）个性化学习
语音交互也是它的核心亮点。它支持20+讲解风格，从课堂到讲故事，甚至有奏折模式用文言文给你娓娓道来，打瞌睡了还可以叫爱因斯坦亲自上阵给你提提神。课程中途可以随时打断，说出哪里没听懂，AI会立刻重讲；说举个例子，它会现场编一个生活化案例。它的语速会根据内容自动调整：念数据时放慢，讲逻辑时加快，和真人老师的节奏几乎一致
3）课后补充
课程结尾部分的处理也别出心裁。每次学习完之后，秘塔都会附上10道左右习题，当场检测刚学的内容有没有真正掌握。如果答错了，它会给出解释，带领学习者回顾关键点。而且最后它还会顺势推荐一些相关资料，延伸阅读，补全知识网，一不留神就学了几个小时。


【5】AI教育工具如何找到PMF？
AI教育产品找到真正的PMF意味着必须同时解决两个核心问题：如何让用户”学得会”复杂知识，以及如何让他们”坚持学”下去。传统在线教育平台往往陷入要么内容过于浅显、要么学习体验枯燥的困境。
秘塔AI”今天学点啥”在寻找PMF过程中展现了清晰的方法论。它没有做”K12全科辅导““职业技能培训”这种大而全的定位，而是死死盯住文本内容转化这一个场景：将复杂文档转化为易懂课程、提供个性化讲解风格、实现学习过程中的实时互动。这种聚焦带来两个好处：用户认知清晰（我想把文件变成课，就找它）；技术迭代快（所有资源都投入优化NLP对文本的理解）。
1）真正意义上的”因材施教”
首先，在内容转化方式上，“今天学点啥”用”多维度解析”替代传统线性阅读，用户上传的文档会被AI解构为知识图谱，根据逻辑关系重新组织呈现，这种方式显著降低了理解难度。
其次，产品极度强调”个性化适配”而非统一的内容输出。系统提供从”初学者”到”专家”的不同等级知识深度调节，以及20+种讲解风格选择，增加学习乐趣。
更关键的是，秘塔AI建立了持续优化的”学习画像”系统。随着使用次数增加，AI会动态调整讲解方式，比如为偏好案例学习的用户自动补充更多实例，为逻辑型学习者强化知识框架展示。这种自适应能力使产品从工具进化为”学习搭子”。
2）PMF验证与增长飞轮
秘塔AI的PMF验证体现在三个关键指标上：课程完成率（62%，行业平均28%）、讲解风格分享率（“暴躁老哥”风格分享量是其他的3倍）、付费转化率（7日试用后转化率达15%）。这些数据表明产品不仅被需要，而且被喜爱。
产品的增长引擎已经形成闭环：优质内容转化吸引用户→个性化体验提高完成率→特色功能激发分享→口碑带来新用户。随着用户基数扩大，AI的个性化推荐也越发精准，形成正向循环。
秘塔AI的实践表明，AI教育工具的PMF不在于技术有多先进，而在于能否用技术解决学习中最人性的需求――既渴望高效获取知识，又需要情感支持对抗学习孤独。这或许是”今天学点啥”给行业最重要的启示。
【6】知识面前，人人平等
总的来说，它就像一个知识广场，没有门槛，有的是各种各样的知识，和各色各样的人。
有很多好奇的念头都曾经在我们的脑海里一闪，但一般情况下，闪完就灭了，再也想不起来了。而秘塔能够保存好奇的火种，再继续点燃它。每次打开“今天学点啥的首页”，总能看到各种领域的内容被推荐出来，比如哲学、心理、健康、自然科学等等，主题跨度很广。就算没有明确的学习目标，也很容易被某个话题吸引，顺势点进去听一课。
博士生在这里聊论文，中学生在这里拆奥数题，退休老人在这里学智能手机――不是所有人都要成为专家，但所有人都该有看懂知识的权利。我越来越意识到意识到，”今天学点啥“的意义之一，就是让普通人更容易接触到原始文献，而不是依赖经过多轮转述的二手信息，在这方面这个AI搭子表现得很出色。

今日AI产品观察
1.Get 笔记
?AI 形态：AI 驱动的多模态笔记记录、整理与管理，具备智能问答功能
?核心技术：腾讯云 ASR 技术（实现语音转文字、支持多语言及方言识别、可通过热词和自学习定制模型优化识别效果）、接入满血版 DeepSeek-R1（用于 AI 智能搜索和问答）
?特点：支持语音、图片、链接、文字等多模态输入方式；能自动整理、分类和归纳笔记，构建个性化知识体系；在语音记录方面，可自动润色、纠错、分段、取标题和生成标签；借助 AI 智能搜索和问答功能，能基于用户笔记内容快速提供准确回答
2. GitHub Copilot (微软/GitHub)
?AI形态：代码自动补全
?核心技术：OpenAI Codex（GPT-3变体）、代码上下文分析
?特点：支持VS Code等主流IDE，根据注释或函数名生成完整代码块，可识别30+编程语言
3.Wysa
?AI形态：情绪支持聊天机器人，通过文字/语音对话提供心理干预
?核心技术：NLP模型（BERT/GPT变体）分析用户情绪，语音语调分析，关键词触发真人介入，紧急联系人联动
?特点：7×24小时匿名情绪支持，临床验证有效（PHQ-9抑郁评分降低35%），HIPAA/GDPR合规隐私保护
4.Suno AI
?AI形态：AI音乐生成
?核心技术：音频扩散模型、旋律结构预测
?特点：输入文本描述生成完整歌曲（含人声），支持流派/情绪/节拍定制
5.Midjourney (图像生成领域)
?AI形态：文生图交互
?核心技术：扩散模型（Diffusion）、CLIP语义理解
?特点：艺术风格控制精准、社区驱动迭代"
4,工具应用能力,tool-application-skills,熟练使用各种AI工具,"vibe开发总结
本次开发中主要用到了三个工具:flowith，v0和cursor，下面从三个方面进行对比总结。
1. 输出效果：
flowith 的输出比较创新，它这种基于多节点并行执行的 Agent 模式，能在网页生成过程中融合理论数据库优化方案，同时结合我上传的素材生成独特布局。这种动态组合能力能让生成的网页不受限于传统模板，这次我生成的个人主页，它的配色交互等都比较新奇，符合预期。
v0 生成的界面在布局对称性、响应式适配等维度表现稳定，感觉这种稳定性使其更适合需要快速落地的企业官网，但是算不上很新奇，只能说标准美观。
cursor 的输出特点在于代码优先的还原度，但生成速度相对较慢，单页面平均生成时间是 v0 的 2、3 倍，尤其在处理多动画交互时延迟感明显。
2. 体验差异：
flowith 的工作流可视化美观的同时也是比较独特的交互方式。用户可在画布界面中单独重跑导航栏生成节点，或插入中间步骤比如色彩调整，在个性化开发场景效率很高，不过学起来也有点麻烦，因为刚开始用，节点逻辑梳理很困扰。
v0 的速度快是因为任务拆解策略：将页面生成拆解为组件选择 - 布局计算 - 代码优化流水线，基础模型处理框架搭建，Quick Edit 模型负责文字微调，这种分工使其响应速度很快。它还有实时代码预览功能，开发者能在拖拽操作后立即看到效果，特别适合设计 - 修改的快速循环场景。
cursor 的慢节奏则暗藏专业开发者所需的深度控制。其上下文感知聊天功能允许开发者用自然语言询问时，系统会结合整个项目的代码库给出解答。这种深度理解能力使其在复杂功能开发中反而能减少后期调试时间，但对追求即时反馈的个人开发者可能不够友好。
3. 场景适配：
当需要打造个人品牌官网等注重独特性的场景时，flowith 的工作流可控性与跨元素融合能力成为核心优势；对于电商 landing page 这类强调标准化与迭代速度的需求，v0 的高效输出更能胜任；而 cursor 则适合兼具开发能力的用户 ―― 他们可通过其代码深度控制，在技术博客等需要个性化功能的场景中发挥优势。三款工具的分化，本质上折射了现代开发中「快速落地」与「个性表达」的永恒博弈。
"
5,Act-Nav插件,act-nav-plugin,一款正在开发的AI对话辅助目录插件,"产品名称

「即刻导航 (Act-Nav)」――AI 对话的智能目录插件

目标用户
?核心用户：AI 高频使用者（如分析师、程序员、学术研究者）
?典型场景：长对话回溯

用户痛点 & 痒点
?痛点：
o记忆断层：经过对轮对话，难以定位关键信息
o机械劳动：许多时间浪费在无效的“滚动考古”上
o知识碎片化：有价值的内容散落在庞杂的对话流中
?痒点：
o希望像管理文档一样结构化管理 AI 对话

为什么做这个产品？
?市场空白：AI 工具爆发增长，但对话管理仍是无人区，一般只能关键词搜索
?用户行为洞察：大多深度用户会定期回溯历史对话（数据来源：询问身边用户）
?技术拐点：浏览器插件生态成熟 + 向量搜索技术平民化

价值主张：我们不做全能工具箱，只解决长对话导航这一个问题
?问题目录：形成用户问题目录，所有提问一目了然
?一键直达：从“滚动几分钟”到“点击即定位”
?心流保护：零中断的上下文跳转体验"
6,市场调研报告,market-research-report,针对即刻导航插件进行产品定位和竞品分析,"市场调研报告
即刻导航：在和ai对话的时候，有时候问的问题很多，对话很长，想找之前问的问题的时候要上拉很久。我想做一个插件，像是用户问题目录，然后点击之前的问题就能回到当时的对话。
即刻导航（Act-Nav）市场调研报告
一、市场规模与潜力分析
1.1 市场规模与增长趋势
随着生成式 AI 技术的普及，用户与 AI 对话工具（如 ChatGPT、Claude、豆包等）的交互深度显著提升。据行业数据显示，2024 年全球 AI 对话工具活跃用户超 10 亿，其中日均对话轮次超过 50 轮的深度用户占比约 15%，即约 1.5 亿人。这类用户普遍面临长对话信息回溯困难的问题，构成 “对话导航工具” 的核心市场。
从增长趋势看，AI 对话场景正从简单问答向复杂任务（如研究分析、内容创作、代码开发）延伸，长对话需求年增长率预计达 40%。同时，浏览器插件作为轻量工具载体，用户渗透率持续提升，2024 年全球浏览器插件市场规模超 200 亿美元，其中效率类插件增速最快（年增长率 35%）。
1.2 市场切入点
即刻导航的切入点聚焦于 “AI 长对话信息结构化管理” 这一细分场景 ，填补了现有工具在 “对话回溯效率” 上的空白。其核心优势在于：
精准匹配趋势：AI 深度应用场景中，长对话占比提升，用户对 “信息定位效率” 的需求迫切；
轻量易用性：以浏览器插件形式切入，无需改变用户现有使用习惯，降低获客门槛；
跨平台适配潜力：可扩展至主流 AI 对话平台（如 ChatGPT、Claude、豆包等），覆盖更广泛用户群体。
二、目标用户群体画像
2.1 核心用户特征
维度 特征描述
年龄 25-40 岁，以职场中青年为主
职业 市场分析师、研究员、内容创作者、程序员、学生（研究生及以上）等需要深度使用 AI 的群体
收入水平 中高收入（月收入 8000 元以上），对效率工具付费意愿较强
消费习惯 愿为提升效率付费（平均每月在效率工具上投入 50-200 元），注重工具的实用性和体验
社交媒体偏好 活跃于 LinkedIn、知乎、小红书、GitHub 等平台，偏好专业内容分享与工具推荐
科技产品接受度 高，习惯尝试新工具，对 AI 技术依赖度高，日均使用 AI 对话工具 3 次以上
2.2 核心痛点与未被满足的需求
效率痛点：长对话中 “滚动查找” 耗时，平均每次查找需 1-3 分钟，每日累计浪费 30 分钟以上；
体验痛点：查找过程中断思路，影响深度思考的连续性，导致工作效率下降；
功能痛点：现有工具缺乏 “结构化目录” 和 “精准跳转” 功能，无法满足跨对话节点对比、引用的需求；
未被满足的需求：对 “对话内容二次加工”（如导出结构化笔记）的潜在需求，当前市场尚未有成熟解决方案。
三、竞争格局分析
3.1 竞品筛选
选取中国市场内与 “AI 对话辅助” 相关的 3 款主要竞品：
ChatGPT Sidebar（插件）：提供对话历史搜索与导航功能；
Memo（AI 对话助手）：支持对话内容标记与笔记导出；
智谱清言内置目录工具：仅适配智谱清言平台的对话目录功能。
3.2 竞品对比分析
3.2.1 目标用户与核心价值定位
竞品 目标用户 核心价值定位
ChatGPT Sidebar 全量 AI 用户，侧重泛用性 一站式 AI 辅助，包含搜索、导航、翻译等功能
Memo 内容创作者、学生 对话内容的标记、整理与二次利用
智谱清言内置目录 智谱清言平台用户 平台内对话的基础导航与结构展示
即刻导航（Act-Nav） AI 深度用户（长对话需求强烈） 轻量、跨平台的长对话精准导航
3.2.2 核心功能对比
功能 ChatGPT Sidebar Memo 智谱清言内置目录 即刻导航（Act-Nav）
自动生成对话目录 支持 不支持 支持 支持（实时生成）
精准跳转锚点 支持（基础） 不支持 支持 支持（平滑滚动）
跨平台适配 仅支持 ChatGPT 部分平台 仅智谱清言 支持多平台（计划）
界面可收缩 支持 不支持 支持 支持（记忆偏好）
深浅模式自适应 不支持 支持 支持 支持
对话内容导出 支持 支持 不支持 暂不支持（规划中）
3.2.3 用户体验评估
维度 ChatGPT Sidebar Memo 智谱清言内置目录 即刻导航（Act-Nav）
界面设计 功能繁杂，冗余 简洁但与平台融合度低 贴合平台但功能单一 极简，高度融合宿主平台
操作流程 步骤多，学习成本高 直观但功能局限 简单但扩展性差 零学习成本，点击即跳转
反馈机制 延迟较高 及时但反馈形式单一 及时 实时反馈，动画平滑
3.2.4 商业模式
竞品 推广渠道 定价策略 用户获取方式
ChatGPT Sidebar 浏览器应用商店、科技博客 免费基础功能 + 付费高级功能（月费 20 美元） 自然搜索 + 付费推广
Memo 小红书、知乎、创作者社群 免费 + 会员制（月费 30 元） 内容营销 + KOL 推荐
智谱清言内置目录 平台自有流量 免费（作为平台增值服务） 平台用户转化
即刻导航（Act-Nav） （建议）浏览器商店、AI 用户社群 （建议）初期免费，后期增值服务 口碑传播 + 场景化营销
3.2.5 竞品优势与不足总结
ChatGPT Sidebar：优势是功能全面，覆盖场景广；不足是功能冗余，体验笨重，跨平台适配差。
Memo：优势是聚焦内容整理，满足二次创作需求；不足是导航功能缺失，与 AI 平台融合度低。
智谱清言内置目录：优势是贴合平台体验，无需额外安装；不足是仅限单一平台，功能简单。
启示：即刻导航需坚持 “轻量专注” 定位，强化跨平台适配和用户体验，避免功能膨胀。
四、SWOT 分析
4.1 优势（Strengths）
精准定位：聚焦 “长对话导航” 单一痛点，需求明确，用户付费意愿高；
体验优势：极简设计，与宿主平台高度融合，零学习成本；
技术可行性：基于浏览器插件技术，开发难度低，迭代速度快；
跨平台潜力：可适配主流 AI 对话平台，覆盖更广泛用户。
4.2 劣势（Weaknesses）
功能单一：初期仅提供导航功能，用户留存依赖场景高频性；
用户认知度低：市场对 “对话导航” 需求的认知尚未普及，需教育市场；
资源有限：作为新工具，推广资金和用户基础较弱。
4.3 机会（Opportunities）
市场空白：当前市场缺乏专注于跨平台长对话导航的工具；
AI 普及红利：AI 对话工具用户规模持续增长，深度用户群体扩大；
浏览器插件生态成熟：用户对插件的接受度高，分发渠道（应用商店）完善。
4.4 威胁（Threats）
平台竞争：主流 AI 对话平台可能推出内置目录功能（如智谱清言），挤压第三方工具空间；
替代品风险：多功能 AI 辅助工具可能将导航功能作为附加功能，形成竞争；
用户习惯固化：部分用户已适应 “滚动查找”，对新工具的接受存在门槛。
五、潜在风险与挑战
5.1 开发风险
平台适配难度：不同 AI 对话平台的页面结构差异大，可能导致适配成本高、功能稳定性不足；
技术迭代压力：AI 平台频繁更新页面代码，可能导致插件失效，需持续投入维护资源。
5.2 推广风险
用户获取成本高：效率工具市场竞争激烈，初期获客成本可能超过用户生命周期价值（LTV）；
市场教育难度：用户对 “对话导航” 的需求尚未被充分唤醒，需投入资源进行场景化营销。
5.3 运营风险
用户留存挑战：若用户对话轮次较少，工具使用频率低，易被卸载；
商业模式验证难：免费模式下变现路径不清晰，付费模式可能影响用户增长。
六、市场推广与增长策略建议
6.1 市场推广建议
精准渠道渗透：
浏览器应用商店优化（关键词：AI 导航、ChatGPT 辅助、对话目录）；
AI 用户社群推广（如 ChatGPT 中文社区、知乎 AI 话题群组）；
职场 KOL 合作（邀请市场分析师、程序员等目标用户群体的意见领袖试用推荐）。
场景化内容营销：
制作 “长对话效率对比” 短视频（展示使用前后的时间差）；
发布《AI 长对话效率报告》，强化用户对 “滚动查找” 痛点的认知。
免费试用策略：初期全功能免费，降低用户尝试门槛，积累种子用户。
6.2 增长飞轮设计
核心逻辑：用户体验提升→口碑传播→用户增长→数据积累→功能优化→体验再提升。
具体机制：
推出 “邀请好友” 活动：现有用户邀请 1 名新用户安装，可解锁 “对话目录导出” 等增值功能；
建立用户反馈闭环：通过插件内 “反馈按钮” 收集需求，快速迭代功能，提升用户忠诚度；
跨平台适配激励：用户在多个 AI 平台（如 ChatGPT + 豆包）使用插件，可获得 “个性化目录样式” 等特权。
七、商业模式建议
结合竞品经验与产品定位，建议采用 “基础功能免费 + 增值服务付费” 模式：
免费功能：自动目录生成、精准跳转、界面收缩、深浅模式适配（满足核心需求）；
付费增值服务（月费 15 元）：
对话目录导出（支持 Markdown/Excel 格式）；
自定义目录标签（用户可手动标记重要节点）；
跨对话对比（同时展示两个节点的内容）；
无广告体验。
盈利拓展方向：与 AI 工具平台合作，提供定制化导航功能（如为企业版 AI 工具提供集成服务）。
八、总结与可行性评估
8.1 可行性评估
即刻导航（Act-Nav）的产品创意具备较高可行性，核心依据如下：
需求明确：AI 深度用户的长对话回溯痛点真实存在，且尚未被充分满足；
技术可行：基于现有浏览器插件技术，开发难度低，可快速实现 MVP；
市场空间：目标用户群体规模庞大（约 1.5 亿深度 AI 用户），增长趋势显著；
竞争优势：相比竞品更专注、体验更优，且具备跨平台适配潜力。
8.2 关键成功要素
体验极致化：保持极简设计，确保与各 AI 平台的无缝融合，零学习成本；
跨平台快速覆盖：优先适配用户量最大的 3-5 个 AI 对话平台（如 ChatGPT、豆包、Claude），扩大用户触达；
用户留存机制：通过增值服务提升用户付费率，同时以反馈闭环和功能迭代增强用户粘性；
防御性布局：在平台推出内置功能前，积累足够的用户基数和品牌认知，形成差异化优势。
通过聚焦核心痛点、优化用户体验、构建增长飞轮，即刻导航有望成为 AI 深度用户的必备工具，在效率工具市场占据一席之地。
即刻导航（Act-Nav）电梯演讲式产品定位
产品名称：即刻导航（Act-Nav）
目标用户：25-40 岁的 AI 深度使用者，包括市场分析师、研究员、程序员、内容创作者等，他们每日与 ChatGPT、豆包等 AI 进行 50 轮以上长对话，对信息回溯效率要求极高。
产品形式：一款轻量浏览器插件，无需改变用户现有使用习惯，即装即用。
核心痛点：
长对话中需花费大量时间 “滚动考古” 查找历史信息，平均每次耗时 1-3 分钟
查找过程频繁中断思路，破坏深度思考的连续性
难以快速关联时间线相距较远但逻辑相关的对话内容
撰写报告时引用特定对话内容困难
核心能力：
自动为 AI 对话生成实时目录，精准捕捉每轮提问
支持一键点击目录条目，实现页面平滑跳转至对应对话位置
侧边栏可自由收缩，深浅模式自动适配宿主平台
跨平台兼容 ChatGPT、Claude、豆包等主流 AI 对话工具
主要竞品：
ChatGPT Sidebar：功能繁杂，仅支持单一平台，体验笨重
Memo：聚焦内容整理，无导航功能，与 AI 平台融合度低
智谱清言内置目录：仅限单一平台，功能简单，扩展性差
差异化竞争优势：
定位更精准：不做 “瑞士军刀”，专注长对话导航这一核心痛点，功能极简无冗余
体验更沉浸：界面与宿主平台高度融合，宽度固定不干扰主内容区，操作零学习成本
跨平台适配：打破单一平台限制，一次安装覆盖多场景，满足用户跨工具使用需求
响应更高效：实时生成目录，点击跳转延迟低于 0.5 秒，动画平滑不突兀
商业模式：
基础功能永久免费（目录生成、跳转、收缩、适配模式），降低用户尝试门槛
增值服务付费（月费 15 元）：提供对话目录导出（Markdown/Excel 格式）、自定义标签、跨对话对比等进阶功能
长期可探索与 AI 平台的企业版合作，提供定制化导航集成服务
客户旅程

prompt
一、bolt.new生成即刻导航单页宣传网站
请基于bolt.new生成一个AI对话工具辅助插件的单页宣传网站，具体要求如下：
### 产品背景
插件名称为“即刻导航”，是一款浏览器插件，核心功能是为ChatGPT、豆包等AI对话工具自动生成对话目录，支持一键跳转历史对话，解决用户长对话中“滚动查找效率低”的痛点。
### 设计需求
1. 风格定位：极简主义，科技感与易用性结合，主色调为中性灰+柔和蓝（适配深浅模式），避免花哨元素。
2. 页面结构（按优先级排序）：
(1)顶部导航栏：含logo、产品名“即刻导航”、“立即安装”按钮（突出显示）；左侧大标题“告别AI长对话滚动查找”，副标题“一键定位历史信息，让思路不中断”；右侧嵌入GIF演示插件功能（目录生成→点击跳转的全过程）；
(2)核心优势区：3个卡片，分别对应“实时目录”“秒级跳转”“跨平台适配”，每个卡片配简洁图标+短句说明；
(3)下载引导区：浏览器图标（Chrome/Edge）+ 对应下载链接按钮，附“安装教程”小字链接；页脚：版权信息、隐私政策链接。
3. 交互要求：导航栏随滚动固定在顶部，按钮悬停时有轻微放大效果，GIF演示区点击可播放/暂停。
4. 技术限制：仅使用bolt.new支持的组件库，避免自定义代码，确保生成后可直接预览。
请先输出页面结构规划，再生成完整代码，若有不符合平台功能的设计，可适当简化并说明原因。
二、设计思路
明确场景与目标：聚焦 “AI 插件宣传网站” 这一具体场景，避免模糊需求，让bolt.new精准匹配生成方向。
拆解核心要素：将 “产品背景 - 设计风格 - 页面结构 - 交互要求 - 技术限制” 分层描述，逻辑清晰，便于工具分步处理。
优先级引导：通过 “按优先级排序”“突出显示” 等词汇，明确关键模块，确保核心信息不被忽略。
约束与灵活度平衡：既规定具体需求（如主色调、页面模块），又预留调整空间（“若不符合平台功能可简化”），避免生成结果无效。
输出格式要求：明确 “先规划后代码” 的交付顺序，引导工具按步骤生成，降低后期修改成本。
三、Prompt 编写技巧总结
场景具象化：用具体产品 / 功能（如 “即刻导航插件”）替代抽象概念（“一个网站”），减少工具理解成本。
结构分层化：使用标题、列表等格式拆分需求，让工具快速定位关键信息。
优先级显性化：通过 “核心”“重点”“优先” 等词汇，明确必须实现的功能与可简化的部分。
约束清晰化：提前说明技术限制，避免生成无法落地的内容。
输出格式明确化：指定 “先规划后代码”“附说明” 等交付形式，确保结果符合使用预期，减少二次沟通。
需求可验证：每个要求（如 “按钮悬停效果”）需具体可检查，便于生成后快速确认是否达标。"
7,产品分析报告,product-analysis-report,利用十个原则对市面上AI产品进行分析,"产品分析报告
我的想法：AI对话导航插件
在和ai对话的时候，有时候问的问题很多，对话很长，想找之前问的问题的时候要上拉很久。
有没有可能做一个插件，像是用户问题目录，然后点击之前的问题就能回到当时的对话。
目前能替代的好像就只有浏览器自带的页面搜索功能，但是它只能通过关键词搜索来实现，如果关键词出现多次需要一一排查。
下面基于三个核心原则（MVP敏捷迭代、产品思维三维度、用户痛点/痒点/爽点）详细解析：
1.用户痛点/痒点/爽点原则
选择理由：
明确区分用户需求的优先级，避免过度开发非核心功能。
具体体现：
需求类型 用户场景示例 产品解决方案 优先级
痛点 “我找不到3天前问过的MySQL错误解决方案” 语义检索+时间过滤 P0
痒点 “如果能自动标记常聊话题就好了” 对话自动打标签（如#Python #错误处理） P1
爽点 “AI主动提醒：‘这个问题您上周问过’” 主动推送关联历史对话 P2
产品策略：
1.首版本聚焦痛点：仅实现精准检索（80%用户核心需求）。
2.痒点作为差异化：在竞品出现后推出标签管理（如Notion AI的页面标签）。
3.爽点制造传播点：企业版中增加“智能回溯”功能，引导用户口碑分享。
2. 产品思维三维度（用户/技术/商业）
选择理由：
该产品需平衡用户需求（高效检索）、技术可行性（语义模型成本）、商业价值（变现模式）。
具体体现：
维度 分析内容 决策依据
用户维度 - 痛点：长对话中回溯信息效率低（需手动搜索） - 痒点：希望AI主动关联历史上下文 优先解决“检索效率”痛点，再优化“智能推荐”痒点
技术维度 - 依赖Embedding API成本（约$0.0001/次） - 需处理跨平台兼容性（如ChatGPT/Claude） 选择轻量级方案（如浏览器插件），避免自建向量数据库以控制成本
商业维度 - 目标用户：知识工作者（程序员、研究者） - 变现模式：Freemium（免费基础检索+付费高级分析） 初期通过Chrome插件商店获客，后期推出企业版（如客服对话管理SaaS）
三维度冲突与平衡：
用户需求要求高精度检索 →?技术成本上升（如用GPT-4生成摘要） → 通过分层付费解决（基础版用小型Embedding模型，企业版用GPT-4）。
3. MVP敏捷迭代原则
选择理由：
该产品需要快速验证核心假设――“用户是否愿意为长对话语义检索功能付费”，而MVP能最小化试错成本。
具体体现：
?最小功能集：
o第一阶段仅实现语义检索（如用户提问“找之前聊过的Python问题”能返回相关对话），暂不开发复杂交互界面。
o技术验证：用OpenAI Embedding API + 余弦相似度计算，无需自研模型。
?快速验证路径：
o手动模拟测试：邀请10名重度ChatGPT用户，提供模拟对话数据集和脚本，观察其检索效率提升程度。
o指标验证：核心指标设为“历史问题召回率”（如80%的模糊提问能准确定位到目标对话）。
?迭代方向：
o若召回率不足，增加混合检索策略（语义+关键词）；
o若用户需要结构化整理，新增自动标签生成功能（如用GPT提取对话主题）

二、GitHub Copilot产品分析
1. 问题域 & 方案域
?问题域：
o开发者痛点：
?重复性代码编写耗时（如样板代码、常见算法）；
?上下文切换（查阅文档、搜索解决方案打断工作流）；
?学习新语言/框架的成本高。
o核心问题：开发效率瓶颈，而非单纯的“代码补全工具”。
?方案域：
oGitHub Copilot 的解决方案：
?AI 实时代码生成：通过自然语言注释或上下文预测代码；
?多语言支持：覆盖 Python、JS、Go 等主流语言；
?IDE 深度集成：直接在 VS Code 等工具中无缝使用。
o避免局限：未局限于传统代码补全（如 IntelliSense），而是通过大模型理解开发者意图。
2. 价值主张
?目标用户：
o程序员（尤其是全栈开发者、初创团队、教育用户）。
?用户痛点：
o低效的重复编码；
o碎片化学习成本；
o复杂业务逻辑实现困难。
?解决方案：
oAI 结对编程，即时生成高质量代码；
o支持从注释生成完整函数（如“写一个快速排序算法”）。
?差异化优势：
o相比传统补全工具（如 TabNine），Copilot 更强调语义理解和跨文件上下文联想；
o相比 ChatGPT，深度集成开发环境，减少切换成本。
?用户收益：
o编码效率提升 55%（GitHub 官方数据）；
o降低新手学习门槛。
3. 俞军产品公式：价值 = (新体验 - 旧体验) - 迁移成本
?旧体验：
o手动编写重复代码；
o依赖 Stack Overflow 搜索 + 复制粘贴；
o传统补全工具仅支持语法提示。
?新体验：
o代码生成准确率 > 50%（关键场景）；
o支持自然语言交互（注释转代码）；
o多文件上下文理解。
?迁移成本：
o学习成本：需适应 AI 生成代码的审查习惯；
o经济成本：付费订阅（$10/月）；
o数据安全：企业用户对代码隐私的顾虑。
?策略体现：
o通过免费试用降低初始门槛；
o提供本地模型选项（GitHub Copilot Enterprise）解决隐私问题。
4. 用户体验五要素
层级 Copilot 的体现
战略层 目标：提升开发者生产力；用户需求：高效、准确的代码辅助。
范围层 核心功能：代码生成、补全、注释翻译；非核心：不涉及部署或调试。
结构层 交互设计：快捷键调用（如?Ctrl+Enter）；信息架构：代码建议以行内弹窗呈现。
框架层 界面设计：VS Code 插件面板；导航：建议列表 + 用户选择接受/拒绝。
表现层 视觉：简洁的代码高亮和对比色，避免干扰开发者的注意力流。
5. 北极星指标
?候选指标：
o每日生成代码被采纳量（直接反映价值）；
o活跃开发者使用时长（粘性）；
o企业客户订阅数（商业化）。
?最终选择：
o“每日生成代码被采纳行数”（核心价值是代码实用性，非单纯活跃用户数）。
?合理性：
o领先指标：代码采纳量增长预示开发者依赖度提升；
o可操作性：团队可通过优化模型准确性直接影响该指标。
6. 设计思维 - How Might We (HMW)
核心问题：如何通过 HMW 方法优化开发者体验？
HMW 五大方向在 Copilot 中的体现
发散方向 HMW 问题示例 Copilot 的解决方案
正面刺激 如何让开发者减少重复代码编写？ AI 自动生成样板代码（如 REST API 脚手架）
反面刺激 如何让开发者无需查阅文档即可编码？ 通过注释直接生成代码（如“写一个 Python 快速排序”）
侧向转移 如何利用社区知识辅助编码？ 基于公开代码库（GitHub）训练模型，学习最佳实践
各个击破 如何降低新手学习新语言的成本？ 提供多语言实时示例（如 JS 转 Python 等效代码）
脑洞突破 如何让编码像对话一样自然？ 支持自然语言交互（如“帮我写一个登录页的 React 组件”）
案例：
?HMW 问题：“如何让开发者在不中断工作流的情况下获取帮助？”
→?解决方案：IDE 内嵌实时补全，避免切换至浏览器搜索。
7. 数据驱动
核心指标与优化闭环
数据驱动三阶段实践
1.规划设计阶段：
o目标：提升代码采纳率（北极星指标）。
o关键指标：
?每日生成代码被接受行数；
?用户主动调用 Copilot 的频率；
?生成代码的准确率（通过用户修正次数衡量）。
2.持续交付阶段：
o数据采集：
?代码生成场景（如函数补全 vs 注释生成）；
?语言/框架使用分布；
?用户拒绝建议的原因（如“不相关”“语法错误”）。
o基础设施：
?匿名化代码片段分析管道；
?实时反馈系统（用户可标记低质量建议）。
3.运营与验证阶段：
o洞察与优化：
?发现：Python 代码采纳率高于 TypeScript → 强化 TS 模型训练；
?验证：推出“多行补全”功能后，单次会话生成代码量提升 30%。
成功要素：
?指标体系完整性：从代码采纳率（业务目标）到具体功能指标（如注释生成准确率）的完整映射。
?数据基础成熟度：依托 GitHub 海量代码库和用户行为数据训练模型。
?行动敏捷性：根据拒绝原因快速迭代模型（如优化 SQL 查询生成逻辑）。
小结：
1.精准定义问题域：直击开发效率瓶颈，而非表面需求。
2.差异化价值主张：AI 结对编程 vs 传统工具，降低决策成本。
3.平衡体验与迁移成本：通过试用和企业版解决隐私顾虑。
4.用户体验分层设计：从战略到表现层均服务于“无干扰高效编码”。
5.北极星指标聚焦：代码采纳量而非虚荣指标（如安装量）。
6.HMW 的突破性：帮助 Copilot 跳出“代码补全工具”框架，转向“AI 结对程序员”定位。
7.数据驱动的精准性：确保优化方向始终围绕真实用户行为（而非假设）。HMW 提供创新方向，数据驱动筛选可行路径，形成闭环。
三、Get笔记产品分析
1. 产品概述
Get笔记是一款智能知识管理工具，专注于解决个人知识工作者在信息捕获、组织和复用方面的核心痛点。通过AI技术和创新的知识图谱功能，帮助用户建立高效的”第二大脑”系统。
2. 核心问题分析
2.1 问题域
?核心痛点：
o信息碎片化难以系统化管理
o跨平台内容收集效率低下
o历史笔记检索困难
o知识间缺乏有效连接
?深层需求：
o构建个人知识体系
o实现知识的持续积累和复用
o降低信息管理的时间成本
3. 解决方案分析
3.1 方案域
?核心功能：
o智能信息捕获：支持网页剪藏、微信文章保存、图片OCR识别
o自动知识组织：AI标签分类、智能文件夹
o知识连接：双向链接、知识图谱可视化
o高效检索：语义搜索、内容联想
?技术实现：
o自研NLP引擎支持语义分析
o基于图数据库的知识网络构建
o多端同步技术保障数据一致性
4. 价值主张
4.1 目标用户
?学生群体
?学术研究者
?知识密集型行业从业者
?终身学习者
4.2 价值定位
维度 传统笔记工具 Get笔记差异化价值
信息收集 手动复制粘贴 一键捕获全平台内容
知识组织 线性文件夹结构 动态知识图谱
知识检索 关键词匹配 语义理解搜索
知识连接 孤立笔记 智能关联推荐
5. 产品体验分析
5.1 俞军产品公式应用
价值 = (新体验 - 旧体验) - 迁移成本
?旧体验：
o手动整理分类耗时
o检索依赖记忆关键词
o多平台数据分散
?新体验：
oAI自动归类整理
o语义理解搜索
o统一知识库
?迁移成本控制策略：
o提供竞品数据迁移工具
o渐进式引导新功能使用
o保留传统文件夹视图选项
5.2 用户体验五要素
层级 设计要点 具体实现
战略层 个人知识中枢 聚焦个人知识管理场景
范围层 核心功能闭环 捕获-组织-连接-复用
结构层 非线性组织 图谱式信息架构
框架层 高效交互 全局快捷键+悬浮工具栏
表现层 专注体验 极简界面+深色模式
6. 关键指标体系
6.1 北极星指标
每周主动关联笔记数：
?直接反映核心价值实现度
?领先指标预测产品健康度
?团队行动可直接影响
6.2 支撑指标体系
指标类型 具体指标 监控频率
产品健康度 DAU/WAU 每日
核心功能使用 笔记关联率 每周
用户满意度 NPS得分 每月
商业化 付费转化率 每月
7. 创新方法论应用
7.1 设计思维(HMW)实践
核心挑战：如何提升知识连接效率
思考方向 HMW问题 落地功能
正面刺激 如何让用户更易发现笔记间关联？ 关联推荐面板
反面刺激 如何让用户无需手动建立连接？ 自动关联建议
脑洞突破 如何让知识连接像对话般自然？ 语音创建关联
7.2 数据驱动迭代
优化闭环：
1.假设：增加图谱引导能提升关联数
2.实验：对新用户增加图谱教程
3.数据：关联数提升35%
4.迭代：优化引导触发时机
关键洞察：
?语音笔记用户搜索频率是文字用户的2倍
?周末知识整理行为集中度比工作日高40%
8. 产品路线建议
8.1 短期优化
?增强移动端捕获体验
?优化知识图谱渲染性能
?完善数据导出功能
8.2 中长期规划
?开发团队协作功能
?构建知识变现平台
?探索企业知识管理场景
9. 风险与应对
风险点 应对策略
用户习惯培养周期长 渐进式引导+成就系统
数据隐私担忧 强化加密方案+本地处理选项
商业化压力 分层订阅模式+企业版开发
10. 结论
Get笔记通过精准把握知识工作者的核心痛点，构建了差异化的价值主张。产品设计充分运用了现代产品方法论，形成了以”知识连接”为核心的完整体验闭环。未来可通过深化AI能力和拓展应用场景，进一步巩固市场地位。"
8,想法碎片,idea-fragments,一些新奇的想法,Act-Nav
9,学习总结与心得笔记,learning-summary-and-notes,Thoughtworks AI2.0课程学习总结和心得笔记,"学习总结与心得
参加AI2.0产品经理培训课程的这段时间，我对AI产品的设计与落地有了从理论到实践的深刻认知，我不仅掌握了产品设计的方法论，更是参与到了真实项目实践，“即刻导航（Act-Nav）”这一插件的一系列产出，让我在在实际操作中感受到了产品从想法到成型的复杂与趣味。
课程初期主要是分析市面上已有的AI产品，比如秘塔科技的“今天学点啥”，其将文本转化为个性化课程的思路，让我看到了AI在教育领域的创新应用――通过NLP技术拆解内容结构、生成互动讲解，真正做到了“因材施教”。这启发我，AI产品的核心价值在于利用技术解决传统场景中的效率问题或体验痛点，而不仅仅是简单地叠加AI功能。GitHubCopilot和Get笔记的分析则让我认识到，产品的成功离不开对用户工作流的深度融入，无论是代码补全还是知识管理，只有无缝嵌入用户的日常操作，才能真正提升效率、获得用户认可。
当然，课程的核心收获来自“即刻导航（Act-Nav）”插件的全流程开发。这一项目让我直面AI产品落地的典型难题，并在解决过程中深化了对课程理论的理解。
最初萌生做“即刻导航”的想法，源于日常使用AI对话工具时的切身困扰――长对话中回溯历史信息时，总要在冗长的对话流里“滚动考古”，既浪费时间又容易中断思路。当时只是觉得这是个值得解决的痛点，却没想到后续需要从市场、用户、技术等多个维度进行系统性分析。在进行市场调研时，我曾一度困惑于如何精准定位产品的差异化优势。通过对比分析竞品的目标用户、核心功能和商业模式，我才逐渐理清“即刻导航”的定位：不做全能工具箱，只聚焦长对话导航这一细分场景，以轻量、跨平台、高适配性为核心优势。这个过程让我明白，产品的竞争力往往不在于功能的多寡，而在于能否精准击中用户未被满足的核心需求。
产品需求文档（PRD）的撰写是一个挑战。如何将模糊的想法转化为具体、可执行的功能规格，如何在保证核心体验的同时控制开发成本，这些都需要反复权衡。例如，在确定MVP核心功能时，我曾纠结是否要加入对话导出功能，但考虑到初期用户最迫切的需求是“一键跳转”，最终决定将导出功能放在后续迭代中，优先实现自动目录生成、平滑跳转、界面收缩等核心功能。这种“聚焦核心、逐步迭代”的思路，让我深刻理解了MVP（最小可行产品）的精髓――用最低的成本验证核心价值，再根据用户反馈持续优化。
用户体验的精细化打磨则体现了“以用户为中心”的设计理念。最初版本中，插件目录仅显示问题文本，用户反馈“无法快速判断问题关联性”。基于课程所学的“用户旅程地图”方法，我添加了“问题缩略预览”和“时间戳标记”功能，并优化跳转动画为“平滑滚动”，使回溯过程更自然。此外，针对用户提出的“刷新后重复提取问题”的共性问题，我通过引入“初始化锁”机制，确保插件在页面刷新时仅执行一次扫描逻辑，彻底解决数据重复问题。这些迭代让我明白：AI产品的竞争力往往藏在“用户未说出口的期待”中，需要通过持续的用户反馈闭环来挖掘。
跨平台适配的技术挑战是项目初期的最大障碍。由于不同AI平台（如ChatGPT、Kimi、文心一言）的DOM结构差异，插件初期出现“目录生成异常”：Kimi平台因动态CSS类名导致无法提取问题，文心一言则因对话排序逻辑与其他平台相反，出现“目录新旧顺序颠倒”。针对这些问题，我采用“平台配置化”方案：通过动态选择器适配不同平台的DOM结构，并为文心一言单独开发“排序方向反转”逻辑。这一过程让我深刻体会到“技术细节决定产品体验”――看似微小的DOM差异，可能导致用户对产品的信任度完全崩塌。
在构建用户画像和分析痛点时，我也遇到了如何平衡普遍性与特殊性的问题。一开始，我试图涵盖所有可能使用AI工具的用户，但很快，今天的分享会给了我当头一棒。本来我以为这个插件是大多数人都会需要的，也得到了身边一些人的认同，目标用户就定为了“AI深度使用者”这个很广的群体，但是今天的分享会有很多人表示自己可能不会用到这个插件，说明我的市场调查和产品定位以及用户群体这些定位的不算太准，扩大范围会导致需求模糊、重点分散，是我有点理想化了。毕竟不是所有使用AI的用户都会进行长对话，不少人只是偶尔进行简单问答，自然不需要专门的导航工具。细化用户场景才能清晰提炼出用户在长对话中面临的具体痛点。这让我意识到，精准的用户定位是后续功能设计和体验优化的前提，只有真正走进目标用户的工作场景，才能设计出贴合他们需求的产品。
不过他们也给了我很多宝贵的建议，比如不要局限于只把用户问题提取出来，而是把对话记录也通过AI总结然后存下来，形成结构化的知识片段，以后遇到同样的问题时，不仅能回到当时的对话位置，还能快速看到核心结论和解决思路，甚至可以直接复用之前的方案。想了想这确实是很不错的方法，既拓展了产品的使用场景，也让功能更具实用价值，后续可以试着去实现，让产品在满足深度用户导航需求的同时，也能为更多用户提供知识沉淀的价值。
回顾这段学习经历，从一个简单的想法到完成市场调研、用户分析、PRD撰写等一系列工作，我不仅掌握了产品设计的基本方法和工具，更深刻体会到产品经理的核心能力――在复杂的信息中提炼关键问题，在多元的需求中找到平衡点，在有限的资源中实现最大价值。未来，我将带着这些经验继续探索AI产品的更多可能性，始终以用户需求为核心，用产品思维解决实际问题。"
